{"cameraMode":{"drawMode":0,"name":"Shaded","section":"Shading Mode"},"sceneLighting":false,"audioPlay":false,"sceneViewState":{"showFog":true,"showMaterialUpdate":false,"showSkybox":false,"showFlares":true,"showImageEffects":true,"showParticleSystems":true},"in2DMode":false,"pivot":{"x":0.029085159301757814,"y":0.5307345986366272,"z":1.143165111541748},"rotation":{"x":-0.02947026491165161,"y":0.8286117315292358,"z":-0.043795909732580188,"w":-0.5574524998664856},"size":1.0829246044158936,"orthographic":false}