{"cameraMode":{"drawMode":0,"name":"Shaded","section":"Shading Mode"},"sceneLighting":true,"audioPlay":false,"sceneViewState":{"showFog":true,"showMaterialUpdate":false,"showSkybox":true,"showFlares":true,"showImageEffects":true,"showParticleSystems":true},"in2DMode":false,"pivot":{"x":-19.934181213378908,"y":-7.159483432769775,"z":-1.066362977027893},"rotation":{"x":0.44306832551956179,"y":-0.45777174830436709,"z":-0.2828848361968994,"w":-0.7170323133468628},"size":35.72419738769531,"orthographic":false}