{"cameraMode":{"drawMode":0,"name":"Shaded","section":"Shading Mode"},"sceneLighting":true,"audioPlay":false,"sceneViewState":{"showFog":true,"showMaterialUpdate":false,"showSkybox":true,"showFlares":true,"showImageEffects":true,"showParticleSystems":true},"in2DMode":false,"pivot":{"x":-2.0695877075195314,"y":-0.6478804349899292,"z":-1.4245097637176514},"rotation":{"x":-0.061054982244968417,"y":0.7223091721534729,"z":-0.06430693715810776,"w":-0.6859357953071594},"size":9.71254825592041,"orthographic":false}